,review,sentiment
0,"[232, 202, 122, 393, 340, 799, 916, 87, 995, 821, 16, 959, 748, 948, 974, 166, 340, 537, 312, 146, 472, 17, 995, 304, 158, 311, 926, 371, 13, 90, 926, 508, 850, 948, 280, 268, 472, 6, 605, 804, 547, 748, 781, 340, 961, 459, 315, 308, 656, 163, 728, 625, 282, 173, 980, 921, 407, 300, 509, 576, 757, 164, 590, 872, 532, 217, 485, 980, 922, 733, 293, 357, 257, 713, 23, 388, 771, 205, 982, 455, 641, 955, 53, 280, 758, 255, 67, 748, 445, 477, 26, 241, 926, 351, 502, 158, 926, 269, 656, 736, 247, 67, 107, 853, 208, 736, 383, 736, 285, 847, 367, 931, 948, 799, 234, 188, 166, 931, 194, 683, 477, 820, 493, 69, 580, 340, 895, 292, 532, 834, 494, 472, 472, 532, 5, 153, 546, 381, 923, 898, 546, 571, 911, 610, 144, 704, 498, 344, 874, 898, 896, 300, 111, 351, 635, 190, 574, 300, 889, 393, 340, 340, 843, 779, 473, 252, 610, 155, 125, 204]",1
1,"[803, 509, 836, 748, 748, 20, 443, 195, 576, 383, 934, 642, 207, 552, 643, 377, 462, 769, 748, 748, 547, 340, 704, 157, 777, 107, 895, 607, 961, 359, 10, 477, 812, 376, 755, 782, 974, 397, 29, 704, 123, 393, 290, 238, 277, 769, 534, 836, 232, 299, 398, 735, 4, 748, 748, 377, 631, 475, 922, 509, 974, 714, 153, 992, 804, 574, 18, 443, 523, 253, 879, 667, 624, 219, 43, 146, 962, 379, 609, 17, 43, 368, 321, 531, 800, 852, 598, 116, 704, 977]",1
2,"[678, 803, 816, 94, 625, 810, 772, 796, 180, 5, 643, 915, 393, 883, 735, 369, 883, 210, 267, 45, 828, 337, 704, 541, 589, 106, 637, 340, 103, 921, 633, 368, 642, 582, 678, 343, 290, 787, 585, 746, 410, 309, 567, 41, 92, 802, 748, 235, 667, 232, 620, 735, 213, 656, 477, 249, 796, 758, 620, 688, 182, 620, 202, 601, 520, 723, 995, 383, 51, 46, 235, 748, 340, 733, 940, 259, 871, 346, 287, 759, 410, 7, 299, 735, 158, 477, 806]",1
3,"[440, 179, 523, 509, 418, 967, 20, 179, 195, 365, 199, 701, 371, 748, 550, 937, 355, 915, 641, 967, 561, 843, 412, 571, 88, 748, 253, 948, 935, 48, 947, 592, 512, 533, 702, 84, 84, 550, 978, 199, 723, 106, 347, 904, 4, 967, 365, 428, 99, 592, 358, 477, 659, 719, 550, 673, 493, 84, 398, 702, 68, 748, 704, 794, 199, 50, 343, 981, 967, 372]",0
4,"[713, 848, 19, 625, 260, 522, 104, 592, 307, 807, 514, 280, 41, 489, 732, 942, 81, 550, 106, 956, 41, 260, 836, 235, 750, 698, 476, 316, 748, 748, 779, 828, 378, 667, 837, 408, 270, 512, 87, 625, 731, 191, 698, 45, 36, 257, 232, 862, 232, 816, 441, 414, 992, 232, 106, 618, 271, 368, 152, 140, 592, 221, 726, 486, 771, 477, 750, 456, 28, 456, 881, 748, 974, 232, 610, 606, 67, 698, 822, 578, 232, 902, 134, 980, 821, 609, 273, 942, 81, 214, 861, 968, 232, 306, 152, 750, 909, 748, 939, 852, 807, 848, 179, 838, 111, 752, 823, 521, 453, 777, 790, 801, 584, 175, 510, 64, 947, 45, 475, 437, 748, 518, 807, 514, 852, 320, 543, 102, 414, 502]",1
5,"[594, 471, 379, 550, 409, 744, 282, 647, 305, 149, 937, 7, 758, 610, 176, 123, 818, 625, 26, 213, 11, 742, 635, 687, 73, 862, 883, 953, 232, 10, 625, 899, 427, 884, 436, 477, 347, 821, 11, 356, 947, 831, 307, 721, 354, 457, 926, 679, 28, 319, 128, 798, 660, 592, 996, 550]",1
6,"[544, 445, 347, 477, 860, 647, 755, 37, 19, 40, 445, 105, 871, 884, 551, 36, 14, 669, 130, 140, 755, 253, 720, 852, 609, 831, 145, 731, 476, 995, 719, 451, 478, 140, 445, 502, 28, 835, 441, 816, 122, 252, 347, 371, 567, 916, 140, 567, 722, 841, 816, 710, 796, 895, 509, 487, 607, 216, 50, 788, 368, 476, 403, 38, 445, 779, 445, 661, 753, 493, 687, 44, 512, 158, 661]",1
7,"[926, 145, 133, 747, 214, 948, 382, 948, 213, 536, 974, 856, 926, 631, 25, 975, 551, 424, 321, 134, 625, 778, 748, 10, 479, 255, 926, 109, 632, 170, 132, 635, 820, 132, 272, 487, 880, 276, 926, 594, 269, 585, 5, 214, 765, 710, 178, 235, 769, 64, 387, 103, 691, 115, 501, 232, 241, 373, 477, 92, 472, 286, 162, 512, 934, 133, 800, 769, 64, 122, 926, 545, 235, 926, 688, 587, 710, 585, 5]",0
8,"[913, 741, 823, 592, 722, 429, 393, 592, 132, 152, 796, 818, 592, 10, 232, 138, 688, 820, 852, 816, 376, 251, 376, 939, 286, 592, 478, 173, 785, 33, 756, 500, 255, 625, 592, 486, 902, 931, 7, 579, 80, 931, 477, 287, 307, 592, 748, 748, 974, 977, 436, 432, 86, 255, 609, 635, 492, 106, 564, 222, 513, 232, 86, 973]",0
9,"[347, 769, 872, 600, 897, 347, 550, 46, 176, 19, 550, 818, 337, 240, 718, 735, 748, 299, 263]",1
10,"[300, 321, 232, 141, 592, 17, 51, 931, 274, 453, 992, 609, 218, 748, 948, 837, 247, 25, 550, 653, 335, 214, 362, 274, 25, 183, 748, 439, 742, 592, 606, 758, 957, 247, 410, 45, 66, 304, 379, 748, 106, 592, 445, 241, 952, 593, 60, 748, 800, 719, 377, 634, 675, 441, 172]",0
11,"[188, 550, 83, 790, 15, 146, 134, 295, 923, 48, 506, 62, 413, 995, 5, 893, 86, 748, 46, 884, 48, 854, 883, 592, 501, 513, 585, 784, 361, 65, 97, 550, 919, 615, 720, 761, 685, 715, 3, 332, 931, 516, 65, 119, 287, 335, 908, 526, 610, 857, 213, 176, 61, 369, 19, 449, 232, 748, 213, 439, 188, 256, 83, 390, 133, 855, 471, 898, 482, 592, 730, 63, 704, 368, 349, 456, 564, 409, 947, 653, 58, 357, 361, 249]",0
12,"[416, 134, 301, 4, 502, 567, 284, 550, 535, 93, 416, 232, 4, 427, 847, 995, 804, 255, 663, 638, 982, 337, 621, 337, 782, 748, 748, 750, 284, 797, 515, 269, 880, 675, 79, 482, 438, 855, 618, 255, 663, 800, 807, 4, 204, 426, 203, 308, 454, 929, 66, 17, 807, 4, 122, 19, 870, 667, 111, 158, 776, 957, 48, 708, 630, 676, 853, 748, 19, 776, 836, 122, 125, 247, 134, 550, 711, 701, 158, 347, 731, 994, 756, 957, 48, 936, 994, 586, 753, 476, 923, 85, 363, 214, 572, 939, 550, 247, 989, 750, 179, 732, 631, 350, 715, 420, 994, 217, 188, 994, 948, 992, 275, 65, 631, 618, 443, 347, 527, 748, 748, 363, 376, 592, 370, 482, 477, 255, 165, 23, 346, 703, 756, 708, 630, 564, 324, 193, 781, 395, 670, 675, 855, 291, 9, 715, 710, 606, 995, 670, 525, 673, 895, 216, 421, 402, 100, 337, 318, 255, 65, 663, 50, 158, 509, 487, 691, 715, 4, 276, 158, 477, 550, 103, 59, 715, 4, 889, 72, 752, 748, 974, 123, 919, 445, 759, 4, 852, 502, 769, 592, 216, 503, 701, 146, 420, 341, 193, 398, 965, 146, 453, 947, 408, 550, 255, 663, 861, 253, 606, 229, 186, 255, 509, 487, 633, 750, 158, 542, 66, 994, 610, 884, 755, 947, 509, 487, 769, 948, 19, 748, 732, 950]",0
13,"[64, 756, 532, 748, 988, 770, 748, 67, 639, 105, 988, 360, 99, 800, 445, 748, 617, 667, 379, 988, 618, 618, 992, 21, 681, 378, 222, 647, 800, 719, 93, 962, 748, 304, 771, 137, 748, 149, 149, 492, 868, 779, 504, 72, 577, 758, 353, 699, 48, 477, 550, 763, 158, 734]",0
14,"[426, 550, 19, 622, 843, 214, 232, 547, 963, 880, 416, 301, 278, 132, 441, 852, 974, 550, 286, 356, 924, 619, 884, 550, 643, 617, 460]",1
15,"[99, 806, 877, 146, 921, 232, 201, 633, 222, 592, 796, 234, 818, 849, 347, 532, 205, 592, 357, 287, 865, 566, 256, 45, 238, 635, 624, 188, 247, 765, 610, 710, 232, 232, 753, 536, 838, 509, 56, 671, 80, 289, 243, 477, 311, 797, 677, 309, 446, 316, 319, 27, 643, 794, 543, 899, 934, 232, 699, 347, 24, 624, 132, 630, 592, 260, 450, 896, 720, 356, 726, 441]",0
16,"[592, 474, 253, 232, 132, 592, 390, 70, 643, 131, 592, 75, 993, 163, 216, 131, 64, 19, 409, 642, 883, 105, 995, 512, 45, 696, 513, 410, 305, 781, 255, 793, 366, 409, 61, 525, 304, 285, 799, 592, 770, 576, 574, 816, 477, 132, 592, 659, 187, 131, 981, 305, 526]",1
17,"[550, 122, 232, 270, 688, 550, 374, 748, 748, 553, 829, 748, 553, 178, 232, 65, 441, 950, 45, 115, 470, 185, 232, 795, 178, 441, 109, 843, 623, 134, 132, 721, 980, 87, 748, 748, 146, 831, 41, 550, 162, 133, 906, 318, 748, 748, 115, 748, 431, 146, 287, 41, 573, 146, 176, 133, 906, 473, 47, 232, 18, 748, 748, 631, 721, 658, 821, 347, 836, 255, 631, 637, 935, 548, 661, 675, 592, 477, 553, 497, 675, 256, 67, 390, 748, 420, 721, 172, 942, 837, 690, 947, 748, 446, 134, 625, 508, 566, 917, 917, 748, 748, 250, 409, 779, 759, 250, 693, 550, 450, 533, 385, 550, 302, 550, 553, 526, 126, 748, 748, 688, 904, 446, 477, 492, 391, 260]",0
18,"[453, 40, 948, 592, 493, 668, 67, 201, 273, 240, 871, 915, 63, 675, 437, 641, 668, 641, 34, 312, 790, 211, 80, 776, 592, 387, 804, 310, 878, 547, 997, 408, 20, 232, 211, 610, 981, 650, 696, 618, 214, 133, 224, 309, 661, 665, 668, 896, 588, 24, 134, 14, 226, 668, 624, 144, 445, 19, 904, 58, 818, 592, 347]",1
19,"[688, 592, 512, 904, 801, 100, 383, 118, 230, 771, 409, 948, 214, 117, 998, 407, 198, 370, 20, 380, 230, 771, 948, 502, 409, 852, 445, 218, 573, 474, 238, 981, 715, 409, 94, 445, 122, 255, 377, 592, 475, 427, 612, 664, 541, 859, 426, 750, 469, 305, 118, 765, 287, 412, 94, 4, 450, 831, 227, 989, 996, 293, 175, 592, 369]",0
20,"[235, 64, 765, 399, 243, 631, 861, 64, 765, 550, 125, 390, 688, 390, 273, 390, 625, 344, 692, 64, 765, 928, 625, 866, 81, 381, 240, 769, 474, 784, 748, 692, 232, 134, 132, 18, 444, 787, 928, 243, 489, 755, 808, 26, 939, 574, 214, 922, 889, 592, 232, 234, 694, 25, 663, 337, 620, 610, 836, 400, 363, 736, 465, 836, 893, 81, 487, 540, 59, 947, 285, 824, 947, 512, 748, 204, 895, 19, 730, 72, 169, 15, 649, 852, 563, 691, 103, 609, 135, 358, 211, 524, 874, 800, 617, 953, 748, 340, 962, 732, 106, 637, 777, 420, 940, 526, 635, 422, 783, 89, 917, 158, 52, 107, 356, 758, 900, 452, 45, 802, 587, 631, 486, 347, 834, 81, 771, 45, 130, 994, 635, 90, 748, 184, 512, 158, 659, 401, 323, 547, 28, 871, 357, 132, 688, 475, 162, 45, 945, 422, 942, 999, 936, 587, 264, 659, 222, 422, 409, 852, 928, 748, 736, 377, 309, 908, 450, 758, 738, 357, 939, 961, 583, 330, 659, 935, 722, 127, 732, 232, 587, 461]",1
21,"[417, 748, 371, 263, 878, 748, 477, 391, 625, 260, 895, 138, 263, 625, 376, 337, 781, 263, 347, 398, 390, 384, 947, 852, 550, 409, 410, 547, 364, 128, 132, 179, 512, 685, 291, 820, 468, 748, 550, 544, 214, 155, 523, 35, 992, 450, 214, 27, 492, 509, 133, 748, 550, 635, 324, 815, 48, 685, 608, 736, 444, 176, 589, 974, 475, 815, 287, 634, 921, 601, 656, 374, 810, 933, 593, 748, 337, 671, 36, 585, 934, 408, 158, 307]",0
22,"[341, 104, 550, 6, 571, 307, 138, 713, 526, 831, 447, 101, 550, 72, 126, 760, 600, 585, 718, 807, 455, 633, 625, 535, 71, 625, 631, 112, 735]",1
23,"[948, 661, 610, 974, 340, 807, 301, 131, 685, 502, 656, 307, 102, 63, 625, 393, 883, 347, 575, 36, 449, 140, 69, 347, 626, 550, 334, 748, 398, 550, 948, 475, 106, 347, 48, 732, 263, 155, 918, 348, 821, 807, 475, 550, 158, 23, 370, 748, 965, 132, 902, 337, 103, 453, 102, 63, 613, 502, 902, 232, 146, 550, 890, 453, 971, 884, 705, 205, 884, 918, 417, 769, 486, 103, 626, 271, 64, 456, 512, 965, 819, 210, 522, 72, 886, 894, 583, 462, 915, 633, 434, 133, 19, 111, 974, 612, 513, 847, 362, 823, 347, 621, 360, 516, 961, 362, 816, 458, 659, 550, 779, 371, 748, 45, 416, 69, 926, 441, 49, 183, 711, 484, 341, 263, 906, 344, 247, 158, 307, 824, 140, 625, 416, 436, 550, 905, 184, 48, 934, 735, 748, 313, 782, 55, 83, 247, 526, 7, 132, 831, 534, 19, 268, 214, 816, 947, 831, 843, 831, 534]",0
24,"[138, 550, 188, 844, 387, 945, 492, 956, 488, 95, 20, 970, 20, 51, 956, 718, 547, 592, 299, 477, 216, 23, 550, 748, 51, 526, 377, 402, 583, 196, 175, 939, 765, 734, 550, 671, 61, 26, 45, 428, 265, 348, 178, 307, 904, 109, 974, 409, 550, 138, 547, 587, 610, 502, 847, 512, 769, 115, 790, 512, 347, 232, 567, 453, 550, 188, 871, 337, 852, 232, 309, 748]",0
25,"[40, 860, 409, 926, 509, 859, 40, 860, 833, 4, 228, 390, 436, 692, 502, 767, 748, 551, 547, 615, 40, 573, 623, 852, 402, 667, 403, 849, 597, 40, 860, 20, 899, 409, 522, 45, 508, 522, 420, 748, 917, 777, 899, 29, 860, 232, 299, 491, 40, 710, 748, 299, 478, 450, 615, 286, 684, 978, 541, 228, 550, 270, 689, 728, 575, 785]",1
26,"[509, 647, 559, 583, 730, 206, 644, 106, 637, 387, 232, 510, 408, 382, 190, 626, 942, 292, 192, 554, 852, 155, 502, 83, 412, 678, 319, 361, 237, 23, 800, 10, 13, 609, 550, 213, 690, 748, 796, 50, 413, 380, 592, 452, 309, 659, 877, 64, 45, 132, 939, 87, 143, 592, 1, 368, 550, 340, 618, 504, 730, 550, 114, 967, 509, 669, 51, 441, 28, 852, 242, 51, 164, 566, 408, 417, 889, 65, 715, 933, 445, 16, 441, 550, 417, 445, 19, 477, 508, 634, 214, 820, 748, 708, 71, 793, 48, 27, 644, 106, 637, 936, 716, 426, 222, 729, 214, 550, 639, 488, 947, 106, 637, 649, 214, 55, 509, 404, 560, 459, 731, 28, 683, 409, 644, 622, 988, 500, 284, 285, 247, 584, 685, 234, 939, 748, 347, 550, 370, 41, 526, 821, 32, 639, 7, 527, 914, 836, 610, 778, 362, 441, 673, 11, 917, 772, 341, 486, 347, 631, 638, 126, 626, 441, 508, 509, 715, 661, 477, 189, 606, 750, 65, 347, 715, 347, 528, 550, 550, 18, 415, 731, 414, 512, 661, 895, 474, 633, 35, 748, 711, 592, 201, 66, 7, 93, 252, 49, 328, 27, 362, 441, 201, 17, 619, 474, 548, 269, 14, 592, 63, 922, 834, 67, 609, 810, 609, 408, 347, 459, 492, 610, 100, 609, 391, 748, 796, 711, 796, 99, 603, 179, 988, 337, 477, 587, 338, 859, 426, 678, 509, 237, 550, 224, 644, 771, 82, 384, 297, 869, 852, 625, 189, 592, 509, 526, 750, 632, 656, 869, 526, 808, 852, 942, 644, 995, 574, 292, 915, 71, 232, 208, 168, 477, 79, 122, 550, 544, 80, 852, 280, 715, 1, 748]",1
27,"[592, 647, 567, 974, 180, 118, 503, 242, 42, 663, 610, 735, 523, 575, 90, 556, 158, 55, 477, 859, 866, 699, 701, 880, 748, 126, 67, 52, 730, 906, 510, 505, 477, 14, 513, 444, 771, 130, 490, 635, 511, 137, 452, 992, 474, 110, 632, 179, 836, 444, 157, 748, 452, 122, 941, 906, 201, 831, 816, 556, 715, 538, 679, 291, 222, 19, 935, 376, 305, 131, 149, 964]",0
28,"[550, 447, 453, 158, 346, 428, 866, 852, 625, 492, 678, 235, 169, 480, 390, 948, 656, 594, 347, 393, 478, 910, 922, 7, 114, 199, 787, 526, 687, 257, 523, 719, 938, 992, 376, 719, 793, 509, 994, 131, 906, 508, 787, 184, 573, 146, 135, 512, 477, 819, 132, 214, 811, 550, 155, 705, 374, 761]",0
29,"[906, 550, 242, 426, 977, 701, 567, 625, 994, 210, 956, 369, 913, 512, 685, 476, 107, 549, 955, 417, 357, 363, 906, 550, 475, 203, 158, 665, 687, 10, 769, 700, 409, 4, 943, 950, 544, 297, 584, 928, 51, 799, 88, 215, 809, 145, 993, 688, 157, 748, 949, 584, 928, 906, 550, 9, 692, 715, 859, 592, 224, 56, 97, 820, 988, 685, 261, 474, 408, 597, 778, 14, 363, 584, 928, 526, 544, 906, 958, 750, 625, 409, 824, 931, 40, 55, 676, 136, 756, 799, 88, 681, 517, 724, 906, 670, 761, 118, 584, 928, 702, 733, 329, 761, 570, 318, 379, 730, 983, 46, 756, 215, 809, 948, 621, 229, 237, 568, 610, 866, 871, 922, 934, 208, 859, 591, 76, 664, 676, 446, 987, 656, 799, 816, 592, 475, 271, 337, 761, 674, 748, 584, 928, 883, 633, 549, 583, 228, 972, 720, 136, 583, 772, 936, 753, 208, 194, 744, 308, 392, 76, 55, 130, 638, 135, 611, 97, 871, 328, 983, 995, 816, 726, 509, 804, 241, 883, 165, 800, 952, 277, 983, 866, 45, 345, 730, 121, 756, 145, 993, 688, 264, 983, 261, 328, 871, 426, 166, 401, 209, 578, 614, 906, 106, 448, 361, 509, 748, 675, 351, 420, 489, 700, 625, 984, 732, 828, 548, 166, 45, 136, 983, 263, 920, 833, 383, 803, 635, 96, 100, 730, 803, 654, 857, 830, 17, 570, 723, 698, 349, 384, 986, 359, 46, 721, 705, 219, 732, 906, 471, 137, 189, 103, 201, 378, 901, 872, 658, 93, 225, 541, 810, 761, 981, 758, 702, 733, 756, 208, 526, 724, 988, 146, 8, 125, 429, 750, 906, 128, 228, 795, 539, 906, 732, 526, 804, 267, 838, 816, 125, 947, 856, 748, 408, 225, 611, 148, 970, 505, 647, 592, 454, 978, 899, 992, 707, 780, 509, 552, 844, 297, 45, 19, 409, 136, 983, 903, 672, 415, 658, 287, 592, 228, 157, 641, 605, 337, 319, 550, 677, 816, 92, 556, 550, 175, 819, 748, 947, 152, 584, 928, 649, 515, 613, 567, 380, 906, 84, 832, 179, 312, 544, 611, 387, 10, 19, 208, 4, 750, 548, 258, 906, 9, 674, 93, 417, 377, 298]",1
30,"[913, 390, 902, 597, 442, 270, 374, 440, 702, 277, 872, 550, 945, 486, 470, 692, 73, 748, 431, 86, 433, 123, 676, 209, 169, 906, 285, 19, 287, 961, 9, 752, 497, 876, 271, 573, 251, 37, 974, 982, 282, 413, 279, 951, 752, 46, 246, 264, 752, 904, 582, 300, 986, 393, 143, 319, 237, 19, 963, 242, 711, 497, 184, 4, 503, 838, 460, 623, 524, 46, 62, 35, 748, 767, 118, 612, 730, 937, 333, 946, 964, 635, 19, 51, 850, 497, 914, 506, 574, 130, 649, 235, 904, 159, 485, 963, 184, 899, 363, 423, 46, 340, 758, 377, 27, 736, 934, 948, 928, 703, 462, 607, 770, 60, 821, 582, 706, 4, 11, 860, 913, 41, 290, 901, 899, 947, 290, 748, 212, 692, 333, 166, 153, 333, 930, 247, 526, 269, 46, 427, 388, 937, 119, 480, 421, 267, 799, 235, 936, 918, 914, 104, 492, 179, 61, 969, 528, 363, 964, 497, 41, 593, 966, 758, 748, 835, 270, 640, 337, 513, 451, 791, 361, 443, 51, 333, 581, 592, 553, 248, 233, 452, 835, 585, 370, 700, 786, 912, 363, 412, 753, 191, 611, 242, 162, 417, 63, 929, 322, 303, 131, 492, 670, 881, 77, 972, 545, 748, 451, 581, 322, 502, 841, 298, 65, 92, 985, 675, 270, 787, 876, 46, 676, 156, 871, 922, 486, 837, 337, 228, 444, 349, 179, 362, 712, 665, 509, 552, 308, 395, 361, 379, 509, 243, 769, 207, 470, 986, 720, 398]",1
31,"[169, 626, 232, 622, 592, 234, 122, 91, 668, 532, 299, 408, 924, 903, 232, 555, 765, 220, 395, 668, 387, 896, 768, 235, 337, 40, 169, 626, 464, 291, 408, 759, 748, 592, 566, 984, 308, 68, 279, 139, 279, 980, 904, 68, 279, 151, 698, 329, 298, 924, 903, 851, 193, 778, 904, 4, 403, 68, 279, 616, 748, 956, 864, 279, 586, 324, 592, 543, 409, 718, 772, 46, 159, 790, 277, 110, 523, 654, 784, 279, 240, 718, 30, 654, 386, 808, 654, 538, 721, 466, 403, 815, 251, 512, 200, 647, 266, 491, 309, 592, 392, 369, 369, 466, 924, 513, 200, 415, 170, 714, 293, 138, 522, 247, 756, 293, 611, 558, 88, 472, 485, 435, 285, 387, 701, 849, 748, 52, 675, 585, 42, 89, 178, 329, 40, 329, 800, 279, 829, 943, 543, 255, 287, 472, 815, 925, 226, 425, 329, 610, 404, 748, 179, 398, 769, 291, 765, 241, 232, 609, 822, 146, 718, 804, 97, 291, 378, 13, 139, 745, 501, 776, 553, 426, 567, 146, 592, 671, 132, 748, 193, 403, 612, 513, 850, 467, 471, 118, 338, 704, 902, 911, 583, 68, 279, 337, 40, 384, 248, 980, 748, 329, 592, 93, 232, 356, 926, 658, 195, 970, 718, 772, 922, 519, 341, 451]",1
32,"[948, 298, 45, 852, 232, 381, 214, 75, 562, 219, 699, 6, 7, 448, 41, 641, 605, 631, 817, 117, 151, 216, 166, 587, 437, 502, 592, 431, 485, 179, 357, 915, 685, 117, 668, 417, 277, 873, 17, 420, 974, 310, 453, 337, 550, 354, 208, 278, 612, 533, 598, 606, 550, 306, 183, 270, 7, 804]",0
33,"[232, 380, 985, 462, 592, 414, 942, 585, 675, 438, 60, 627, 448, 683, 37, 707, 356, 184, 604, 570, 232, 386, 112, 592, 732, 756, 206, 8, 892, 516, 431, 240, 582, 26, 868, 213, 931, 36, 728, 386, 821, 689, 427, 773, 146, 633, 273, 228, 357, 913, 273, 715, 627, 913, 927, 566, 297, 951, 732, 632, 214, 602, 168, 357, 786, 112, 664, 880, 145, 913, 508, 392, 62, 981, 97, 566, 41, 314, 92, 92, 995, 287, 393, 380, 189, 253, 671, 477, 587, 92, 942, 566, 344, 66, 977, 529, 942, 685, 344, 102, 153, 4, 278, 19, 821, 710, 730, 658, 60, 627, 913, 333, 748, 748, 197, 265, 45, 73, 956, 734, 356, 162, 356, 138, 337, 709, 99, 80, 586, 477, 643, 381, 681, 232, 368, 508, 314, 908, 384, 232, 368, 206, 60, 561, 512, 964, 253, 671, 948, 629, 592, 340, 413, 354, 656, 995, 627, 913, 458, 906, 516, 102, 187, 275, 478, 600, 352, 955, 517, 329, 363, 146, 340, 158, 479, 995, 851, 309, 588, 747, 592, 166, 862, 511, 60, 627, 448, 356, 852, 803, 4, 265, 45, 190, 287, 409, 929, 492, 678, 445, 387, 967, 576, 820, 685, 410, 804, 807, 232, 837, 617, 691, 335, 145, 444, 607, 748, 748, 758, 252, 816, 242, 232, 901, 325, 219, 349, 393, 592, 500, 418, 80, 132, 441, 410, 259, 816, 592, 122, 804, 585, 456, 139, 861, 255, 642, 816, 501, 243, 592, 456, 500, 418, 80, 347, 936, 38, 977, 109, 451, 606, 851, 292, 779, 800, 820, 922, 159, 149, 656, 232, 748, 748, 46, 625, 516, 586, 261, 756, 517, 953, 519, 779, 712, 677, 454, 609, 806, 356, 568, 818, 213, 190, 754, 419, 679, 415, 4, 60, 66, 228, 391, 948, 26, 486, 228, 758, 79, 449, 314, 618, 356, 347, 60, 160, 153, 19, 241, 153, 592, 393, 757, 146, 268, 472, 592, 166, 625, 215, 988, 314, 961, 500, 418, 80, 573, 297, 290, 929, 509, 998, 697, 273, 23, 668, 349, 424, 704, 237, 629, 28, 896, 232, 565, 100, 829, 284, 973, 297, 310, 592, 315, 397, 573, 325, 347, 500, 418, 80, 132, 58, 304, 28]",1
34,"[493, 592, 631, 34, 526, 895, 14, 592, 247, 417, 816, 283, 450, 519, 618, 995, 417, 550, 918, 410, 368, 846, 14, 371, 216, 155, 494, 347, 494, 508, 732, 884, 704, 606, 836, 957, 7, 212, 61, 906, 799, 420, 80, 988, 282, 608, 404, 592, 691, 429, 370, 820, 570, 550, 952, 158, 874, 714, 859, 691, 299, 722, 659, 65, 629, 184, 761, 818, 80, 678, 443, 222, 347, 943, 100, 337, 122, 637, 416, 337, 766, 487, 158, 123, 192, 957, 255, 416, 724, 133, 401, 710, 307, 409, 401, 836, 56, 25, 553, 939, 565, 796, 75, 818, 80, 103, 796, 387, 818, 80, 377, 609, 964, 268, 834, 393, 528, 670]",0
35,"[847, 592, 42, 214, 410, 222, 628, 214, 508, 171, 931, 840, 634, 994, 643, 871, 289, 173, 361, 678, 48, 103, 492, 861, 277, 620, 409, 656, 936, 454, 716, 748, 493, 82, 895, 289, 361, 349, 444, 26, 834, 509, 472, 321, 974, 385, 362, 65, 919, 158, 931, 428, 994, 929, 477, 283, 477, 283, 80, 550, 685, 23, 587, 643, 849, 337, 455, 403, 471, 173, 349, 914, 946, 354, 138, 25, 427, 445, 377, 176, 857, 718, 445, 929, 287, 327, 820, 926, 445, 458, 531, 350, 42, 989, 661, 696, 620, 894, 206, 509, 884, 450, 158, 894, 820, 305, 85, 18, 955, 609, 284, 862, 748, 360, 748, 816, 112, 974, 379, 450, 54, 750, 214, 315, 658, 452, 719, 477, 550, 362, 30, 315, 232, 377, 232, 347, 646, 315, 231, 550, 350, 23, 415, 315, 384, 509, 950, 701, 409, 796, 632, 550, 26, 45, 765, 629, 403, 315, 232, 270, 19, 291, 149, 982, 231, 20, 661, 950, 840, 219, 735, 748, 477, 550, 228]",0
36,"[369, 982, 509, 356, 736, 232, 1, 797, 550, 237, 333, 3, 287, 106, 637, 610, 189, 606, 214, 519, 477, 417, 939, 547, 633, 132, 547, 279, 736, 450, 158, 347, 526, 134, 625, 65, 307, 550, 796, 618]",0
37,"[234, 493, 550, 304, 369, 704, 335, 337, 631, 232, 130, 471, 748, 130, 555, 404, 146, 601, 180, 931, 139, 836, 643, 502, 337, 487, 922, 337, 427, 924, 400, 78, 758, 836, 71, 30, 507, 196, 139, 427, 624, 188, 689, 575, 989, 237, 144, 4, 994, 516, 502, 369, 623, 754, 920, 507, 530, 452, 781, 681, 649, 337, 658, 403, 658, 797, 67, 769, 337, 228, 429, 637, 758, 18, 255, 139, 238, 568, 842, 92, 247, 526, 866, 592, 537, 635, 381, 748, 770, 714, 402, 587, 397, 492, 579, 354, 517, 322, 303, 146, 7, 10, 931, 816, 574, 748, 459, 486, 474, 530, 73, 189, 573, 920, 499, 452, 280, 988, 359, 575, 232, 605, 853, 452, 65, 985, 243, 492, 868, 748, 777, 748, 237, 661, 675, 475, 992, 291, 705, 977, 839, 899, 942, 477, 257, 270, 168, 669, 489, 68, 656, 216, 705, 347, 175, 41, 45, 899, 270, 480, 680, 216, 856, 757, 452, 929, 748, 631, 550, 477]",0
38,"[839, 37, 99, 633, 960, 158, 736, 736, 672, 115, 45, 264, 511, 222, 794, 926, 390, 672, 390, 232, 225, 45, 547, 75, 686, 37, 922, 672, 771, 299, 728, 20, 748, 351, 635, 19, 926, 567, 587, 477, 48, 961, 37, 758, 618, 956, 942, 122, 370, 411, 661, 84, 800, 852, 947, 804, 948, 37]",1
39,"[180, 694, 507, 562, 291, 552, 836, 397, 10, 477, 552, 294, 61, 450, 565, 550, 531, 568, 41, 501, 991, 164, 67, 592, 376, 772, 502, 942, 215, 221, 528, 985, 347, 405, 567, 931, 488, 476, 347, 816, 61, 512, 347, 309, 582, 224, 502, 386, 584, 283, 779, 347, 445, 758, 804, 567, 931, 422, 471, 340, 164, 122, 562, 82, 552, 462, 64, 63, 546, 448, 146, 436, 730, 369, 583, 731, 819, 10, 671, 922, 967, 179, 387, 206, 204, 369, 815, 346, 433, 265, 710, 758, 665, 23, 901, 550, 486, 162, 719, 770, 346, 75, 45, 934, 39, 232, 368, 584, 45, 477, 65, 234, 842, 371, 738, 722, 158, 480, 347, 23, 356, 10, 143, 46, 550, 124, 132, 610, 408, 631, 653, 974, 500, 750, 393, 550, 41, 158, 659, 41]",0
40,"[994, 550, 97, 659, 369, 589, 309, 287, 550, 162, 347, 833, 393, 836, 852, 363, 612, 939, 263, 151, 1, 110, 852, 547, 681, 340, 547, 852, 547, 335, 19, 159, 58, 748, 748, 550, 361, 304, 477, 36, 304, 244, 868, 779, 423, 661, 695, 536, 544, 667, 914, 550, 748, 748, 722, 146, 201, 585, 269, 443, 550]",0
41,"[550, 51, 868, 567, 103, 974, 985, 816, 107, 352, 898, 81, 125, 130, 265, 475, 985, 192, 889, 787, 599, 951, 771, 761, 375, 165, 420, 934, 19, 409, 832, 992, 139, 454, 371, 748, 409, 687, 567, 822, 478, 166, 522, 550, 761, 527, 561, 486, 583, 934, 803, 834, 100, 635, 484, 681, 882, 95, 367, 981, 951, 816, 173, 758, 443, 377, 794, 610, 714, 673, 328, 906, 548, 608, 28, 939, 270, 540, 124, 351, 407, 673, 131, 122, 943, 950, 676, 544, 828, 328, 290, 219, 748, 67, 631, 687, 467, 375, 165, 444, 99, 477, 969, 351, 407, 94, 736, 122, 296, 904, 862, 340, 19, 919, 567, 699, 659, 605, 242, 19, 409, 647, 446]",1
42,"[592, 818, 232, 398, 895, 232, 138, 689, 179, 468, 369, 451, 941, 343, 122, 663, 866, 450, 696, 475, 800, 155, 853, 390, 618, 883, 550, 544, 991, 550, 445, 748, 633, 446, 351, 660, 619, 961, 88, 586, 191, 404, 139, 320, 319, 27, 320, 270, 790, 675, 237, 545, 505, 988, 603, 795, 340, 790, 213, 144, 320, 853, 123, 828, 144, 790, 319, 347, 544, 320, 853, 444, 931, 917, 339, 232, 757, 622, 795, 853, 106, 439, 688, 734, 10, 699, 349, 869, 637, 614, 699]",0
43,"[71, 852, 974, 163, 99, 83, 224, 644, 678, 535, 200, 839, 678, 93, 446, 804, 377, 15, 592, 44, 230, 939, 678, 704, 93, 610, 377, 978, 758, 67, 112, 531, 351, 952, 176, 3, 106, 208, 610, 618, 535, 908, 673, 409, 902, 69, 338, 37, 218, 222, 91, 942, 698, 3, 800, 81, 478, 80, 834, 446, 615, 681, 820, 246, 748, 849, 235, 550, 555, 744, 130, 208, 423, 287, 970, 4, 176, 3, 446, 821, 988, 135, 382, 176, 208, 592, 816, 913, 7, 841, 988, 347, 446, 926, 734, 176, 841, 860, 502, 334, 4, 161, 75, 592, 526, 642, 834, 846, 896, 855, 748, 693, 416, 304, 635, 155, 208, 818, 710, 585, 513, 633, 172, 462, 841, 259, 477, 952, 523, 922, 240, 994, 786, 995, 414, 854, 414, 625, 446, 634, 564, 550, 508, 309]",0
44,"[550, 166, 922, 453, 654, 518, 981, 656, 214, 765, 547, 758, 952, 450, 861, 18, 139, 884, 406, 215, 796, 186, 363, 393, 509, 800, 139, 654, 863, 157, 335, 868, 643, 563, 605, 587, 610, 384, 748, 445, 347, 618, 696, 550, 133, 19, 122, 140, 188, 989, 982, 455, 515, 214, 452, 235, 19, 926, 806, 709, 806, 523, 761, 477, 20, 233, 361, 625, 861, 445, 502, 243, 929, 458, 547, 948, 20, 929, 585, 929, 862, 821, 567, 974, 122, 22]",1
45,"[990, 796, 818, 550, 625, 26, 213, 188, 43, 736, 196, 734, 550, 393, 102, 553, 43, 363, 102, 493, 43, 748, 748, 836, 710, 777, 458, 214, 56, 704, 899, 203, 114, 20, 661, 27, 146, 232, 609, 583, 550, 941, 271, 982, 43, 153, 600, 550, 526, 118, 43, 704, 64, 492, 625, 36, 524, 550, 45, 277, 933, 705, 600, 387, 526, 118, 550, 358, 656, 570, 748, 748, 478, 957, 43, 377, 977, 550, 731, 232, 56, 852, 232, 420, 550, 59, 43, 730, 444, 982, 43, 277, 232, 132, 368, 550, 578, 734, 547, 169, 306, 859, 600, 773, 45, 705, 613, 287, 397, 767, 43]",1
46,"[666, 559, 550, 489, 753, 99, 133, 427, 23, 203, 852, 64, 936, 547, 409, 430, 931, 491, 121, 586, 681, 214, 361, 753, 4, 508, 59, 409, 158, 96, 942, 550, 987, 383, 847, 391, 550, 268, 427, 23, 301, 65, 158, 816, 477, 592]",0
47,"[592, 450, 27, 84, 214, 730, 59, 36, 979, 445, 639, 314, 609, 410, 692, 917, 232, 7, 782, 895, 611, 577, 80, 7, 552, 80, 583, 483, 213, 445, 237, 78, 36, 910, 804, 566, 39, 453, 800, 577, 345, 80, 78, 99, 392, 205, 639, 54, 308, 661, 750, 172, 58, 713, 593, 293, 485, 270, 87, 884, 774, 685, 502, 696, 610, 794, 696, 337, 622, 580, 445, 277, 232]",0
48,"[273, 894, 836, 474, 978, 511, 305, 859, 945, 213, 427, 860, 337, 66, 820, 442, 768, 851, 830, 293, 620, 453, 868, 127, 90, 847, 36, 376, 939, 453, 51, 894, 939, 122, 658, 617, 592, 928, 889, 980, 683, 15, 764, 748, 502, 450, 633, 583, 955, 4, 972, 952, 453, 844, 730, 535, 962, 961, 843, 818, 715, 847, 89, 91, 588, 754, 453, 173, 756, 698, 40, 453, 974, 281, 446, 542, 356, 45, 387, 659, 650, 956, 305, 629, 409, 793, 387, 714, 218, 574, 638, 586, 748, 476, 836, 474, 936, 347, 453, 779, 36, 777, 938, 438, 758, 743, 356, 133, 544, 936, 555, 390, 329, 785, 351, 450, 438, 995, 480, 356, 962, 834, 367, 745, 45, 310, 827, 305, 19, 196, 371, 610, 625, 453, 438, 962, 643, 169, 481, 806, 21, 390, 745, 347, 961, 26, 511, 477, 945, 465, 748, 365, 446, 126, 214, 816, 938, 681, 884, 439, 213, 536, 499, 908, 720, 276, 962, 543, 938, 686, 536, 513, 732, 494, 181, 922, 4, 962, 745, 291, 938, 656, 552, 472, 287, 904, 427, 292, 536, 883, 797, 567, 750, 351, 371, 356, 232, 727, 130, 232, 727, 479, 748, 416, 631, 186, 836, 474, 602, 629, 235, 592, 279, 36, 376, 592, 40, 409, 622, 704, 859, 19, 232, 866, 287, 365, 635, 743, 880, 715, 745, 957, 951, 967, 235, 854, 746, 448, 842, 748, 373, 938, 715, 704, 583, 934, 745, 523, 46, 758, 478, 299, 36, 235, 475, 667, 938, 610, 384, 710, 185, 390, 397, 582, 869, 89, 633, 144, 922, 526, 662, 155, 957, 387, 704, 534, 9, 312, 595, 685, 681, 127, 957, 288, 724, 491, 884, 611, 748, 376, 938, 610, 214, 810, 947, 181, 862, 962, 534, 997, 938, 87, 644, 583, 534, 644, 938, 644, 938, 544, 488, 801, 34, 673, 605, 149, 938, 769, 214, 748, 592, 967, 235, 512, 300, 625, 947, 689, 947, 36, 476, 904, 439, 146, 938, 566, 335, 408, 771, 923, 290, 750, 954, 779, 741, 804, 801, 320, 771, 894, 83, 608, 771, 450, 105, 97, 329, 420, 948, 650, 592, 620, 453, 166, 866, 550, 407, 61, 36, 377, 235, 314, 679, 478]",1
49,"[383, 920, 471, 112, 995, 83, 585, 56, 132, 880, 408, 859, 253, 165, 216, 155, 812, 625, 28, 352, 179, 437, 748, 426, 737, 18, 214, 467, 317, 210, 742, 939, 959, 369, 368, 533, 158, 526, 638, 629, 376, 992, 173, 511, 477, 120, 103, 748, 774, 662, 547, 995, 660, 27, 228, 357, 819, 448, 5, 748, 783, 637]",0
50,"[637, 18, 232, 605, 81, 550, 469, 565, 871, 489, 426, 960, 205, 382, 242, 585, 993, 756, 785, 382, 727, 387, 83, 566, 731, 117, 122, 426, 592, 584, 622, 469, 574, 347, 852, 176, 877, 748, 592, 178, 409, 852, 279, 255, 685, 397, 500, 866, 510, 956, 264, 592, 962, 748, 397, 232, 17, 534, 611, 257, 290, 591, 491, 80, 960, 734, 945, 271, 291, 587, 526, 136, 339, 956, 264, 276, 633, 291, 481, 948, 273, 235, 67, 756, 804, 69, 276, 178, 217, 232, 609, 735, 685, 746, 895, 543, 226, 104, 147, 510, 232, 567, 76, 748, 397, 351, 926, 585, 392, 610, 871, 344, 363, 393, 904, 956, 264, 73, 285, 178, 628, 634, 879, 130, 956, 264, 81, 394, 122, 329, 610, 102, 134, 376, 103, 218, 793, 830, 347, 807, 801, 309, 635, 884, 673, 234, 324, 610, 240, 203, 931, 628, 988, 699, 852, 356, 136, 906, 245, 622, 288, 81, 486, 360, 748, 397, 19, 178, 584, 130, 854, 556, 816, 578, 369, 592, 459, 308, 523, 95, 992, 938, 393, 178, 146, 557, 580, 981, 941, 333, 329, 756, 359, 804, 835, 559, 900, 698, 857, 340, 214, 102, 178, 593, 354, 750, 621, 370, 466, 835, 309, 656, 653, 242, 141, 544, 65, 947, 178, 146, 347, 656, 637, 18, 610, 328, 15, 901, 935, 621, 81, 730, 677, 37, 896]",1
51,"[9, 904, 4, 704, 550, 659, 409, 282, 567, 46, 48, 261, 906, 159, 505, 266, 480, 152, 46, 627, 758, 547, 817, 505, 321, 953, 396, 202, 459, 483, 625, 267, 48, 347, 321, 953, 633, 633, 577, 431, 748, 321, 948, 980, 83, 41, 200, 913, 691, 639, 935, 852, 806, 921, 944, 988, 758, 743, 435, 757, 779, 431, 321, 547, 483, 586, 721, 505, 348, 757, 748, 261, 254, 760, 629, 660, 586, 676, 828, 727, 707, 511, 321, 89, 26, 513, 586, 165, 577, 60, 644, 655, 339, 511, 874, 678, 820, 748, 236, 118, 200, 753, 321, 864, 19, 41, 200, 656, 618, 133, 721, 673, 963, 133, 631, 19, 321, 852, 806, 931, 158, 778, 921, 123, 381, 363, 815, 921, 304, 701, 382, 757, 133, 566, 795, 864, 19, 439, 974, 321, 921, 190, 66, 22, 188, 321, 746, 508, 118, 827, 974, 895, 143, 133, 891, 102, 321, 661, 266, 611, 748, 961, 321, 274, 133, 379, 921, 582, 585, 19, 70, 718, 46, 356, 820, 907, 921, 834, 321, 190, 731, 191, 980, 575, 810, 243, 354, 732, 521, 974, 992, 835, 523, 906, 218, 382, 757, 542, 544, 483, 769, 505, 321, 843, 270, 325, 731, 191, 980, 97, 921, 439, 875, 745, 133, 214, 321, 631, 710, 321, 956, 502, 88, 620, 527, 223, 74, 748, 321, 4, 200, 83, 214, 917, 133, 875, 880, 4, 959, 279, 719, 55, 149, 458, 347, 390, 334, 168, 168, 790, 750, 325, 622, 321, 83, 219, 757, 623, 579, 164, 807, 19, 213, 860, 610, 4, 871, 426, 748, 748, 9, 963, 249, 822, 49, 36, 133, 609, 806, 921, 144, 730, 871, 321, 953, 300, 296, 448, 88, 153, 632, 502, 300, 659, 321, 170, 133, 704, 921, 715, 347, 622, 348, 451, 328, 678, 48, 871, 300, 492, 441, 868, 213, 905, 860, 526, 321, 321, 467, 287, 10, 279, 724, 491, 335, 328]",1
52,"[300, 621, 650, 575, 439, 742, 227, 236, 303, 932, 276, 232, 377, 189, 748, 300, 667, 165, 23, 464, 46, 365, 571, 532, 71, 96, 699, 534, 745, 722, 46, 398, 484, 691, 906, 922, 460, 376, 365, 982, 486, 714, 387, 452, 279, 165, 23, 981, 91, 366, 205, 35, 748, 895, 820, 453, 550, 23, 450, 562, 176, 763, 438, 511, 644, 400, 162, 695, 318, 139, 300, 745, 214, 861, 377, 786, 992, 901, 718, 748, 932, 276, 123, 486, 444, 300, 621, 301, 299, 772, 748, 689, 133]",1
53,"[710, 284, 526, 791, 409, 377, 734, 677, 409, 243, 296, 87, 41, 659, 164, 699, 264, 818, 736, 185, 625, 190, 731, 779, 434, 439, 748, 313, 59, 546, 928, 576, 339, 255, 984, 574, 816, 60]",1
54,"[506, 267, 148, 585, 175, 991, 632, 445, 704, 477, 550, 926, 726, 22, 739, 131, 321, 719, 77, 633, 279, 93, 450, 381, 461, 753, 164, 633, 320, 307, 631, 14, 829, 99, 785, 814, 587, 856, 995, 234, 831, 230, 901, 64, 643, 312, 748, 631, 480, 550, 595, 45, 670, 173, 915, 341, 326, 356, 883, 469, 386, 587, 264, 719, 749, 828, 330, 138, 452, 531, 823, 354, 980, 120, 817, 113, 476, 732, 758, 27, 556, 347, 271, 943, 30, 418, 265, 618, 748, 748, 599, 425, 116, 803, 38, 950, 625, 915, 101, 642, 618, 205, 592, 287, 818, 693, 981, 523, 570]",0
55,"[508, 891, 122, 335, 773, 947, 291, 290, 889, 51, 574, 251, 53, 90, 826, 398, 534, 510, 876, 631, 128, 939, 413, 299, 939, 748, 748, 152, 19, 721, 112, 926, 299, 480, 174, 748, 379, 307, 866, 112, 921, 771, 96, 237, 748, 408, 993, 521, 474, 32, 883, 36, 521, 957, 65, 482, 709, 449, 44, 392, 904, 552, 683, 610, 414, 457, 462, 816, 564, 157, 748, 534, 750, 880, 4, 937, 176, 940, 166, 410, 592, 122, 521, 80, 605, 99, 943, 251, 249, 371, 500, 987, 669, 130, 189, 683, 643, 414, 847, 502, 592, 744, 633, 278, 687, 755, 547, 247, 688, 210]",0
56,"[846, 862, 201, 445, 519, 988, 45, 48, 834, 100, 592, 727, 201, 121, 446, 748, 369, 440, 154, 755, 153, 452, 214, 44, 932, 900, 966, 26, 458, 625, 698, 701, 871, 67, 420, 592, 801, 80, 472, 440, 420, 592, 307, 872, 89, 693, 931, 67, 420, 974, 387, 689, 441, 494, 784, 146, 431, 991, 810, 915, 748, 235, 934, 846, 862, 201, 727, 201, 126, 337, 875, 722, 307, 592, 589, 44, 3, 351, 502, 551, 634, 810, 208, 494, 437, 846, 300, 146, 947, 544, 208, 691, 585, 846, 862, 201, 808, 201, 800, 699, 625, 935, 834, 988, 200, 748]",0
57,"[667, 816, 535, 550, 633, 685, 766, 562, 567, 213, 266, 263, 757, 904, 53, 732, 282, 732, 508, 475, 539, 280, 491, 140, 414, 974, 618, 351, 685, 48, 122, 449, 121, 988, 484, 715, 742, 685, 988, 377, 550, 740, 210, 347, 65, 715, 94, 175, 4, 929, 347, 950, 931, 335, 633, 847, 264, 179, 608, 641, 721, 253, 3, 731, 677, 249, 669, 119, 633, 213, 592, 610, 122, 179, 249, 669, 119, 130, 542, 512, 701, 944, 685, 562, 80, 715, 737, 70, 741, 884, 846, 237, 379, 181]",0
58,"[399, 748, 489, 555, 948, 861, 592, 410, 51, 361, 204, 489, 785, 443, 195, 567, 243, 772, 659, 837, 482, 897, 958, 501, 803, 444, 41, 457, 28, 906, 201, 68, 55, 906, 513, 883, 46, 708, 87, 658, 145, 172, 592, 201, 36, 44, 701, 583, 651, 819, 702, 906, 625, 837, 702, 651, 710, 550, 432, 276, 318, 502, 12, 562, 852, 88, 620, 620, 564, 408, 922, 444, 426, 931, 731, 556, 37, 489, 442, 172, 274, 248, 471, 776, 60, 132, 720, 731, 886, 970, 501, 803, 125, 259, 510, 491, 705, 531, 496, 427, 634, 32, 758, 242, 873, 303, 76, 33, 363, 612, 366, 633, 489, 325, 748, 651, 805, 592, 566, 409, 218, 213, 176, 179, 453, 752, 467, 502, 115, 451, 108, 981, 36, 731, 228, 771, 727, 593, 774, 122, 439, 304, 487, 60, 466, 213, 65, 710, 450, 409, 36, 575, 45, 816, 607, 980, 882, 329, 731, 191, 980, 822, 45, 683, 632, 283, 406, 214, 172, 80, 951, 126, 328, 851, 119, 852, 37, 138, 936, 4, 704, 755, 656, 319, 968, 19, 45, 125, 489, 851, 630, 635, 798, 179, 319, 107, 235, 533, 610, 799, 857, 748, 852, 461, 397, 489, 546, 755, 550, 598, 176, 497, 383, 918, 35, 684, 507, 880, 874, 41, 969, 687, 508, 505, 939, 664, 699, 974, 398, 232, 369, 633, 625, 398, 429, 986, 393, 232, 489, 822, 533, 486, 247, 4, 347, 33, 901, 21, 481, 264, 408, 242, 351, 776, 448, 289, 511, 21, 798, 340, 232, 489, 704, 718, 592, 951, 263, 75, 253, 299, 947, 314, 369, 28, 732, 232, 489, 38, 453, 486, 489, 250, 804, 539, 280, 612, 237, 629, 592, 489, 769, 250, 214, 981, 701, 593, 834, 609, 745, 632, 836, 408, 226, 664, 881, 609]",1
59,"[493, 455, 775, 818, 660, 213, 119, 748, 134, 550, 847, 634, 947, 134, 703, 535, 373, 351, 714, 766, 185, 558, 476, 938, 534, 988, 500, 145, 718, 748, 455, 409, 74, 662, 79, 547, 476, 455, 593, 534, 849, 190, 739, 836, 935, 272, 40, 401, 28, 906, 201, 351, 48, 800, 361, 74, 820, 132, 393, 726, 593, 354, 370, 322, 67, 931, 635, 272, 593, 4, 4, 125, 74, 393, 74, 719, 988, 20, 453, 748, 845, 592, 369, 490, 982, 45, 889, 547, 884, 408, 105, 4, 476, 213, 176, 354, 128, 176, 100, 603, 28, 536, 822, 547, 806, 889, 49, 547, 337, 449, 697, 792, 534, 500, 575, 565, 455, 512, 207, 397, 721, 190, 170, 891, 891, 631, 390, 749, 804, 228, 126, 368, 677, 891, 228, 625, 74, 593, 397, 347, 988, 526, 176, 974, 641, 748, 936, 58, 64, 550, 509, 715, 133, 476, 534, 792, 612, 297, 72, 477, 645, 573, 635, 770, 735, 73, 696, 822, 508, 496, 803, 146, 74, 496, 793, 176, 895, 176, 713, 715, 564, 748, 126, 847, 610, 374, 458, 123, 2, 455, 100, 403, 866, 828, 609, 547, 925, 476, 534, 609, 67, 609, 408, 100, 513, 609, 906, 640, 748, 522, 852, 550, 553, 866, 354, 106, 658, 287, 715, 477, 446, 299, 939, 80, 976, 35, 477, 455]",1
60,"[16, 440, 253, 398, 534, 808, 510, 64, 744, 550, 662, 836, 758, 631, 895, 48, 509, 551, 214, 51, 631, 442, 214, 838, 119, 510, 992, 919, 687, 80, 550, 194, 462, 45, 337, 62, 314, 550, 947, 405, 631, 445, 718, 477, 982, 26, 45, 12, 51, 93, 634, 727, 735, 978, 93, 84, 12, 259, 20, 550, 450, 25, 349, 402, 56, 25, 816, 180, 20, 413, 308, 445, 885]",0
61,"[796, 493, 100, 416, 2, 477, 383, 689, 510, 748, 369, 773, 967, 106, 45, 115, 405, 424, 748, 547, 215, 186, 680, 27, 28, 583, 45, 586, 9, 232, 196, 282, 409, 631, 319, 368, 681, 190, 748, 152, 696, 335, 477, 61, 121, 411, 624, 816, 400, 922, 317, 749, 287, 157, 748, 287, 146, 529, 568, 696, 730, 871, 589, 139, 214, 548, 203, 512, 597, 748, 351, 133, 284, 742, 799, 146, 492, 222, 536, 339, 175]",0
62,"[661, 773, 748, 550, 769, 719, 550, 445, 919, 575, 748, 626, 477, 75, 27, 232, 153, 402, 393, 732, 924, 748, 445, 477, 153, 550, 585, 56, 410, 487, 967, 748, 748, 175, 64, 340, 533, 99, 340, 133, 413, 748, 748, 443, 363]",1
63,"[103, 7, 146, 794, 201, 550, 647, 218, 99, 729, 864, 368, 872, 453, 151, 270, 65, 20, 450, 947, 913, 486, 112]",0
64,"[769, 685, 63, 269, 883, 478, 610, 442, 608, 356, 381, 81, 280, 373, 643, 357, 583, 368, 561, 665, 884, 974, 158, 253, 356, 63, 856, 266, 21, 681, 231, 974, 728, 769, 843, 862, 748, 796, 818, 835, 305, 556, 305, 269, 47, 649, 232, 219, 526, 663, 816, 639, 647, 639, 682, 344, 214, 189, 478, 859, 836, 163, 235, 162, 610, 122, 769, 203, 409, 371, 647, 40, 408, 337, 228, 478, 21, 934, 852, 635, 592, 631, 3, 834, 43, 287, 381, 81, 597, 494, 852, 547, 65, 264, 936, 899, 368, 485, 631, 678, 445, 502, 477, 365, 305, 673, 934]",0
65,"[65, 974, 594, 232, 774, 799, 362, 749, 376, 377, 592, 126, 365, 198, 112, 718, 585, 832, 767, 157, 748, 409, 191, 290, 188, 37, 356, 452, 592, 362, 45, 710, 396, 126, 948, 166, 396, 152, 683, 188, 279, 316, 541, 398, 761, 421, 656, 8, 46, 343, 721, 176, 356, 226, 262, 117, 914, 20, 826, 468, 795, 846, 509, 994, 750, 52, 369, 27, 575, 28, 583, 609, 637, 469, 748, 65, 974, 594, 649, 543, 995, 365, 112, 437, 592, 126, 688, 259, 561, 452, 229, 125, 584, 685, 146, 494, 472, 126, 988, 305, 506, 774, 439, 502, 704, 238, 592, 80, 28, 612, 106, 287, 179, 858, 301, 696, 722, 82, 774, 529, 592, 65, 136, 65, 974, 585, 36, 727, 472, 308, 340, 261, 584, 356, 797, 232, 26, 117, 45, 143, 439, 220, 46, 418, 387, 99, 371, 97, 322, 847, 897, 469, 934, 232, 486]",1
66,"[441, 569, 575, 79, 667, 217, 289, 989, 111, 290, 735, 632, 742, 255, 508, 776, 818, 131, 970, 398, 477, 136, 804, 746, 405, 796, 681, 504, 235, 45, 931, 239, 568, 902, 742, 43, 929, 123, 965, 916, 806, 933, 794, 304, 681, 393, 351, 421, 545, 689, 781, 179, 861, 748, 290, 512, 214, 329, 681, 760, 48, 178, 778, 427, 267, 931, 614, 159, 279, 951, 861, 835, 100, 137, 912, 746, 942, 618, 704, 255, 290, 96, 97, 341, 835, 223, 179, 201, 610, 849, 863, 333, 634, 214, 816, 871, 842, 748, 424, 550, 28, 507, 799, 117, 342, 529, 383, 643, 902, 359, 688, 446, 409, 852, 685, 279, 605, 563, 428, 913, 655, 810, 810, 810, 287, 80, 502, 947, 15, 428, 988, 769, 613, 807, 480, 748, 618, 337, 228, 979, 752, 151, 364, 947, 48, 564, 524, 585, 947, 592, 12, 871, 966, 939, 742, 210, 158, 669, 17, 133, 760, 543, 25, 308, 789, 12, 790, 179, 201, 43, 526, 574, 816, 568, 742, 738, 599, 689, 168, 816, 445, 443, 647, 868, 213, 45, 748, 245, 532, 368, 736]",0
67,"[631, 347, 290, 229, 631, 103, 818, 550, 335, 526, 369, 643, 290, 363, 486, 852, 550, 443, 46, 427, 123, 147, 133, 807, 132, 56, 216, 919, 91, 550, 492, 351, 19, 989, 638, 776, 550, 91, 592, 861, 402, 756, 550, 820, 339, 37, 720, 369, 833, 939, 80, 522, 363, 486, 852, 91, 889, 452, 550, 80, 522, 84, 290, 80, 377, 414, 550, 122]",0
68,"[416, 544, 931, 409, 770, 776, 761, 555, 550, 428, 75, 403, 399, 948, 19, 474, 337, 228, 881, 467, 921, 756, 428, 698, 45, 16, 213, 981, 592, 805, 158, 119, 541, 510, 683, 101, 592, 445, 770, 174, 428, 106, 450, 122, 849, 782, 652, 273, 799, 550, 416, 544, 732, 980, 477, 849, 566, 170, 399, 428, 698, 592, 659, 776, 416, 578, 2, 25, 450, 19, 86, 427, 121, 543, 762, 697, 433, 606, 799, 592, 126, 510, 852, 563, 861, 595, 168, 74, 934, 592, 402, 592, 26, 748, 445, 253, 687, 643, 675, 249, 948, 19, 550, 710, 564, 592]",0
69,"[592, 35, 203, 61, 409, 779, 295, 45, 234, 818, 728, 839, 847, 393, 149, 576, 149, 550, 501, 667, 667, 444, 687, 804, 35, 169, 390, 232, 316, 576, 739, 163, 926, 164, 149, 977, 625, 625, 264, 748, 87, 91, 237, 238, 84, 931, 445, 723, 24, 357, 8, 244, 629, 592, 938, 413, 173, 61, 574, 816, 931, 450, 477, 483, 130, 592, 100, 574, 168, 816, 683, 341, 525, 748, 20, 104, 532, 205, 124, 699, 687, 23, 450, 922, 128, 505, 748, 369, 470, 413, 184, 516, 232, 446, 416, 205, 787, 802, 69, 559, 611, 523, 992, 270, 445, 641, 19, 59, 836, 410, 435, 974, 112, 158, 941, 61, 802, 508, 687, 841, 410, 61, 408, 445, 215, 992, 890, 213, 176, 410, 435, 777, 748, 753, 99, 592, 502, 902, 556, 148, 947, 852, 61, 621, 800, 954, 13, 63, 748, 934, 592, 231, 502, 902, 556, 714, 899, 753, 357, 174]",0
70,"[918, 351, 852, 550, 982, 769, 587, 490, 752, 490, 374, 329, 282, 362, 389, 494, 25, 587, 971, 395, 312, 262, 203, 25, 45, 769, 45, 550, 635, 850, 769, 962, 385, 446, 623, 127, 25, 298, 100, 176, 756, 583, 51, 852, 779, 477, 291, 769, 403, 444, 146, 732, 65, 158, 88, 676, 310, 214, 456, 475, 139, 573, 51, 683, 691, 432, 947, 492, 998, 951, 383, 456, 868, 868, 868, 756, 416, 209, 371, 199, 416, 534, 581, 675, 147, 435, 850, 731, 323, 799, 406, 295, 290, 899, 363, 997, 635, 839, 329, 902, 679, 961, 370, 200, 453, 760, 337, 25, 344, 173, 918, 201, 852, 550, 33, 688, 769, 587, 734]",0
71,"[362, 776, 592, 501, 331, 656, 69, 146, 247, 704, 122, 585, 735, 859, 722, 99, 173, 889, 29, 133, 765, 706, 100, 122, 644, 264, 241, 592, 509, 987, 715, 905, 258, 346, 48, 214, 592, 526, 318, 216, 584, 685, 123, 570, 146, 592, 347, 321, 701, 91, 562, 58, 569, 726, 793, 592, 578, 645, 292, 436, 78, 803, 353, 100, 916, 569, 460, 955, 173, 894, 934, 502, 567, 750, 947, 642, 550, 570, 469, 36, 692, 41, 708, 20, 852, 437, 393, 599, 722, 689, 610, 734, 224, 257, 437, 341, 988, 48, 243, 367, 480, 804, 528, 399, 726, 513, 507, 939, 473, 29, 592, 175, 559, 776, 592, 631, 935, 852, 408, 722, 631, 459, 995, 322, 126, 65, 908, 726, 804, 704, 122, 887, 722, 469, 699, 862, 730]",0
72,"[678, 773, 844, 238, 201, 179, 530, 879, 872, 20, 633, 639, 105, 579, 936, 715, 744, 467, 335, 307, 875, 352, 12, 76, 748, 994, 41, 711, 804, 45, 351, 550, 995, 631, 662, 45, 250, 347, 138, 339, 968, 12, 425, 588, 77, 583, 291, 745, 86, 356, 730, 748, 748, 341, 19, 412, 400, 689, 516, 133, 347, 63, 981, 502, 798, 143, 571, 641, 765, 961, 763, 935, 146, 105, 251, 748, 474, 593, 779, 896, 816, 56, 974, 30, 45, 446, 337, 884, 631, 491, 902, 693, 884, 961, 474, 132, 935, 853, 550, 638, 749, 793, 853, 527, 4, 760, 382, 748, 748, 477, 550, 428, 781, 961, 219, 748, 748, 612, 876, 950, 683, 337, 633, 862, 337, 947, 668, 284, 284]",1
73,"[591, 301, 83, 340, 477, 550, 65, 146, 427, 176, 550, 347, 591, 363, 675, 948, 146, 46, 418, 88, 140, 931, 961, 48, 158, 539, 736, 685, 48, 906, 591, 800, 896, 820, 800, 377, 871, 550, 216, 477, 46, 418, 356, 968, 591, 111, 341, 179, 784, 36, 715, 625, 550, 723, 926, 947, 591, 36, 721, 654, 715, 488, 874, 974, 578, 958, 509, 677, 108, 715, 185, 304, 509, 8, 323, 723, 428, 65, 715, 934, 144, 526, 435, 309, 477, 550]",1
74,"[361, 173, 514, 242, 681, 465, 69, 299, 866, 955, 391, 490, 426, 486, 429, 843, 931, 967, 575, 399, 592, 285, 263, 249, 538, 661, 450, 105, 879, 643, 14, 895, 587, 612, 538, 632, 612, 435, 214, 178, 23, 465, 574, 816, 294, 334, 719, 445, 64, 953, 798, 110, 363, 61, 145, 143, 185, 428, 748, 514, 242, 953, 601, 750, 550, 307, 574, 103, 225, 971, 662, 837, 622, 951, 550, 477, 486, 804, 277, 124, 399, 17, 214, 554, 693, 628, 48, 556, 561, 26, 732, 854, 626, 423, 582, 550, 387, 634, 214, 732, 807, 266, 952, 564, 643, 734, 748, 103, 88, 335, 610, 634, 758, 43, 458, 824, 205, 953, 228, 714, 960, 409, 610, 484, 341, 316, 194, 166, 277, 213, 704, 477, 88, 53, 905, 383, 186, 114, 497, 905, 953, 684, 784, 576, 47, 11, 659, 849, 684, 868, 189, 673, 748, 692, 635, 272, 285, 574, 807, 41]",0
75,"[634, 605, 930, 267, 64, 347, 797, 791, 777, 496, 268, 22, 631, 366, 34, 625, 836, 247, 831, 540, 930, 337, 945, 70, 866, 512, 162, 60, 550, 234, 750, 122, 337, 122, 847, 44, 512, 929, 176, 228, 535, 550, 134, 930, 550, 134, 974, 242, 416, 664, 929, 758, 176, 550, 480, 904, 929, 587, 41, 20, 839, 930, 550, 631, 19, 286, 114, 715, 837, 478]",1
76,"[26, 765, 48, 214, 423, 520, 823, 638, 860, 780, 970, 59, 334, 806, 936, 452, 281, 215, 828, 65, 520, 841, 277, 571, 606, 586, 448, 186, 795, 235, 748, 606, 586, 748, 319, 992, 618, 520, 709, 3, 468, 6, 520, 918, 335, 710, 777, 347, 938, 91, 685, 795, 753, 614, 611, 800, 732, 82, 638, 470, 828, 748, 36, 512, 129, 520, 661, 41, 618, 214, 704, 255, 356, 10, 319, 732, 792, 720, 939, 458, 26, 765, 48, 158, 423, 520, 116, 732, 337, 950, 732, 748, 748, 520, 610, 49, 214, 564, 544, 319, 560, 374, 6, 697, 91, 198, 130, 213, 587, 155, 618, 319, 947, 192, 76, 748, 30, 334, 801, 367, 185, 545, 44, 730, 172, 747, 474, 520, 241, 319, 374, 904, 203, 477, 447, 748, 26, 765, 48, 232, 931, 35, 382, 297, 121, 532, 416, 566, 340, 357, 184, 246, 37, 678, 544, 926, 80, 338, 682, 804, 354, 310, 148, 472, 80, 748, 748, 509, 678, 179, 26, 765, 48, 592]",1
77,"[93, 75, 404, 75, 694, 133, 408, 699, 763, 27, 884, 371, 347, 743, 961, 859, 646, 492, 222, 223, 831, 852, 268, 146, 35, 526, 797, 656, 102, 300, 583, 816, 223, 852, 132, 638, 179, 957, 232, 477, 387, 23, 328, 141, 506, 912, 719, 567, 800, 742, 268, 472, 526, 268, 583, 506, 506, 337, 526, 836, 151, 33, 968, 506, 550, 797, 146, 492, 509, 436, 93, 893, 32, 23, 442, 859, 646, 649, 575, 477, 247, 711, 550, 337, 760, 232, 138, 234, 122, 977, 102, 771, 610, 994, 333, 48, 362, 597, 748, 152, 459, 78, 795, 688, 697, 981, 994, 988, 446, 816, 876, 796, 691, 139, 232, 906, 399, 232, 232, 956, 732, 226, 948, 408, 862, 830, 373, 561, 261, 360, 675, 268, 146, 482, 610, 29, 568, 633, 516, 712, 232, 584, 268, 232, 994, 408, 486, 347, 441, 550, 457, 139, 179, 227, 146, 606, 877, 408, 981, 19, 631, 719, 477, 784, 797, 948, 784, 584, 50, 994, 491, 625, 956, 347, 439, 689, 474, 412, 867, 459, 344, 808, 77, 710, 571, 48, 352, 784, 685, 232, 29, 748, 244, 771, 257, 941, 550, 347, 763, 363, 728, 107, 609, 583, 101, 705, 150, 907, 146, 188, 991, 347, 803, 222, 146, 836, 99, 724, 329, 882, 163, 971, 994, 489, 696, 776, 587, 453, 337, 681, 529, 830, 75, 270, 268, 146, 843, 404, 830, 642, 695, 453, 102, 611, 322, 957, 306, 547, 124, 20, 476, 978, 859, 378, 719, 661, 938, 173, 929, 859, 646, 125, 232, 81, 393, 381, 440, 715, 893, 307, 26, 994, 379, 42, 646, 67, 634, 381, 956, 67, 26, 403, 748, 699, 100, 6, 715, 977, 41, 685, 325, 519, 93, 298]",0
78,"[146, 836, 61, 784, 976, 899, 112, 62, 418, 862, 553, 654, 391, 248, 470, 777, 309, 535, 584, 634, 480, 719, 362, 556, 347, 56, 144, 366, 891, 942, 373, 423, 460, 695, 726, 971, 751, 256, 63, 184, 196, 6, 67, 83, 699, 493, 41, 232, 906, 181, 146, 121, 152, 242, 515, 159, 371, 228, 398, 954, 308, 71, 577, 323, 928, 56, 485, 631, 758, 311, 109, 337, 15, 119, 995, 432, 458, 410, 688, 550]",0
79,"[592, 63, 243, 947, 439, 395, 509, 58, 592, 998, 404, 680, 754, 9, 9, 835, 361, 579, 915, 290, 638, 974, 227, 928, 893, 952, 535, 314, 775, 219, 849, 229, 145, 600, 811, 509, 51, 748, 15, 746, 338, 467, 101, 199, 140, 658, 592, 830, 495, 694, 199, 154, 721, 417, 500, 551, 915, 258, 800, 875, 227, 410, 214, 15, 258, 417, 644, 746, 48, 633, 41, 685, 502, 687, 746, 835, 48, 233, 748, 4, 633, 575, 28, 583, 353, 950, 592, 5, 285, 773, 424, 190, 409, 832, 816, 685, 341, 451, 658, 287, 631, 989, 337, 645, 301, 290, 426, 592, 947, 20, 4, 715, 337, 736, 677, 678, 638, 413, 913, 190, 232, 625, 7, 889, 947, 292, 389, 758, 766, 609, 786, 934, 480, 836, 673, 794, 323, 264, 139, 208, 66, 24, 750, 950, 371, 475, 769, 502, 156]",1
80,"[381, 909, 232, 935, 232, 393, 550, 947, 512, 597, 299, 550, 69, 487, 932, 550, 824, 931, 610, 841, 381, 909, 356, 947, 84, 486, 383, 638, 821, 34, 843, 625, 704, 669, 470, 732, 243, 441, 631, 598, 532, 475, 122, 20, 673, 895, 843, 190, 656, 797, 883, 990, 409, 149, 704, 356, 836, 637, 929, 502, 989, 356, 123, 680, 519, 416, 781, 843, 225, 644, 28, 689, 818, 307, 176, 665, 638, 669, 470, 688, 138, 477]",1
81,"[409, 415, 685, 759, 637, 62, 130, 833, 198, 784, 804, 982, 784, 806, 409, 654, 759, 158, 806, 948, 676, 452, 585, 592, 415, 836, 264, 870, 200, 381, 196, 452, 748, 748, 631, 65, 719, 214, 788, 535, 132, 618, 292, 752, 301, 776, 550, 934, 107, 175, 41, 477, 928, 541, 836, 20, 550, 123, 393, 498, 296, 61, 939, 417, 65, 337, 610, 65, 570, 886, 219, 409, 28, 874, 618]",0
82,"[788, 535, 512, 818, 403, 65, 644, 340, 46, 553, 344, 696, 450, 477, 132, 550, 931, 301, 914, 43, 796, 818, 533, 816, 879, 796, 818, 377, 635, 205, 667, 796, 818, 575, 465, 357, 988, 996, 835, 105, 356, 139, 695, 748, 409, 17, 471, 368, 104, 578, 46, 750, 639, 731, 835, 470, 806, 64, 504, 835, 883, 681, 2, 800, 876, 835, 130, 610, 264, 310, 344, 599, 116, 715, 571, 345, 538, 923, 480, 748, 20, 818, 852, 465, 592, 122, 26, 943, 213, 609, 807, 413, 103, 399, 307, 574, 445, 237, 138, 180, 141, 20, 942, 465, 638, 544, 172, 748, 44, 478, 52, 232, 876, 689, 756, 711, 606, 982, 852, 213, 550, 347, 307, 574, 363, 99, 261, 520, 689, 852, 989, 629, 866, 4, 268, 631, 715, 477, 964, 307, 574]",0
83,"[647, 714, 957, 566, 475, 904, 247, 443, 885, 324, 538, 4, 51, 931, 661, 409, 166, 904, 4, 528, 566, 512, 257, 538, 868, 409, 66, 880, 748, 661, 280, 932, 534, 398, 973, 138, 592, 55, 567, 698, 834, 247, 529, 637, 526, 77, 939, 594, 138, 583, 504, 43, 685, 371, 343, 795, 647, 550, 158, 347, 456, 852, 214, 335, 618, 853, 480, 791, 748, 185, 625, 237, 629, 592, 185, 439, 214, 28, 247, 578, 296, 42, 748, 276, 820, 376, 232, 138, 550, 234, 588, 509, 401, 312, 592, 661, 291, 732, 585, 96, 564, 801, 550, 883, 309, 587, 610, 852, 625, 621, 592, 740, 354, 478, 75, 7, 926, 836, 679, 868, 501, 895, 884, 609, 868, 592, 606, 961, 661, 688, 951, 409, 208, 610, 324, 251, 73, 320, 834, 73, 73, 329, 977, 868, 610, 324, 393, 705, 931, 639, 870, 229, 368, 208, 304, 866, 904, 799, 998, 690, 550, 112, 374, 296, 354, 528, 504, 592, 329, 110, 748, 939, 189, 383, 247, 850, 507, 73, 901, 916, 635, 335, 337, 476, 639, 126, 354, 270, 146, 742, 962, 321, 178, 176, 261, 4, 27, 45, 758, 688, 609, 450, 323, 899, 719, 516, 377, 612, 951, 890, 247, 389, 386, 335, 173, 661, 688, 702, 525, 408, 440, 285, 689]",0
84,"[448, 592, 362, 806, 450, 138, 362, 667, 592, 458, 978, 939, 872, 138, 356, 547, 234, 656, 271, 436, 296, 635, 369, 479, 368, 834, 50, 818, 48, 634, 724, 273, 246, 748, 417]",0
85,"[594, 138, 550, 234, 818, 4, 344, 369, 574, 502, 671, 758, 818, 132, 939, 4, 852, 583, 550, 810, 946, 221, 786, 65, 618, 750, 566, 122, 550, 335, 337, 715, 162, 420, 974, 610, 368, 550, 688, 901, 363, 83, 347, 99, 100, 828, 721, 176, 445, 820, 696, 71, 550, 983, 170, 736, 214, 441, 550, 307, 103, 420, 550, 321, 134, 625, 730]",0
86,"[365, 897, 443, 836, 351, 750, 217, 849, 951, 300, 610, 426, 123, 219, 269, 215, 9, 696, 50, 897, 443, 618, 287, 65, 715, 618, 526, 369, 65, 699, 956, 748, 336, 45, 546, 685, 22, 808, 304, 562, 644, 907, 336, 719, 381, 592, 694, 886, 15, 852, 402, 940, 508, 99, 886, 324, 487, 387, 216, 547, 574, 236, 992, 931, 614, 754, 575, 700, 760, 748, 351, 36, 162, 3, 529, 197, 546, 438, 574, 356, 876, 374, 264, 884, 843, 806, 799, 227, 319, 802, 748, 124, 351, 714, 299, 337, 228, 565, 351, 750, 730, 509, 609, 450, 61, 369, 612, 281, 687, 351, 750, 36, 951, 36, 951, 880, 649, 441, 951, 610, 426, 518, 221, 748, 980, 146, 201, 895, 948, 426, 610, 592, 232, 390, 822, 880, 144, 54, 60, 255, 118, 897, 868, 897, 799, 868, 896, 592]",0
87,"[788, 381, 232, 426, 102, 431, 994, 550, 65, 337, 453, 567, 796, 818, 93, 974, 653, 102, 893, 550, 719, 349, 948, 232, 387, 69, 884, 818, 143, 146, 567, 625, 567, 893, 550, 301, 146, 387, 988, 731, 134, 688, 67, 339, 954, 830, 501, 83, 914, 134, 253, 884, 176, 102, 459, 20, 832, 704, 661, 566, 179, 24, 232, 796, 818, 103, 138, 951, 600, 170]",0
88,"[386, 845, 11, 961, 188, 797, 582, 974, 399, 88, 126, 387, 590, 154, 561, 291, 982, 705, 144, 182, 144, 525, 979, 953, 363, 610, 433, 387, 378, 776, 592, 957, 402, 387, 480, 869, 176, 725, 293, 852, 797, 997, 113, 97, 816, 60, 477, 247, 852, 64, 630, 347, 492, 222, 730, 902, 504, 850, 899, 75, 942, 897, 592, 765, 669, 735, 232, 105, 259, 660, 550, 105, 659, 286, 729, 592, 339, 244, 687, 587, 598, 45, 235, 341, 550, 866, 368, 112, 132, 550, 340, 850, 29, 748, 862, 749, 979, 953, 610, 680, 957, 402, 387, 926, 289, 748, 748, 335, 69, 748, 748, 188, 761, 559]",0
89,"[242, 550, 172, 417, 232, 462, 28, 719, 757, 339, 714, 915, 176, 807, 593, 633, 579, 446, 611, 188, 117, 54, 431, 768, 185, 102, 893, 682, 337, 138, 63, 484, 616, 189, 807, 437, 180, 105, 107, 699, 295, 51, 893, 547, 484, 862, 201, 835, 573, 5, 947, 748, 948, 282, 553, 9, 132, 653, 816, 232, 450, 519, 788, 369, 362, 472, 510, 282, 821, 347, 271, 450, 852, 974, 624, 418, 48, 669, 201, 216, 974, 336, 462, 939, 451, 38, 282, 849, 158, 360, 748, 784, 410, 132, 939, 623, 187, 215, 994, 273, 19, 409, 633, 273, 698, 273, 625, 391, 215, 912, 964, 437, 40, 45, 243, 707, 982, 658, 13, 383, 771, 324, 719, 139, 668, 355, 948, 550, 63, 273, 329, 861, 523, 54, 143, 99, 679, 9, 414, 51, 429, 477, 83, 453, 513, 287, 232, 512, 132, 287, 947, 852, 67, 453, 337, 474, 286, 758, 748, 645, 994, 166, 132, 508, 376, 778, 139, 58, 315, 292, 97, 431, 699, 797, 797, 797, 106, 337, 906, 868, 28, 906, 220, 520, 624, 847, 476, 347, 441, 132, 102, 682, 800, 781, 691, 19, 458, 458, 67, 524, 19, 282, 242, 735]",0
90,"[169, 245, 349, 948, 248, 19, 349, 233, 133, 383, 668, 993, 748, 141, 141, 158, 887, 424, 126, 412, 760, 948, 297, 735, 155, 26, 45, 56, 14, 399, 758, 438, 748, 550, 768, 486, 281, 641, 485, 337, 562, 46, 462, 40, 222, 347, 830, 998, 466, 154, 231, 862, 325, 562, 771, 899, 550, 368, 232, 249, 129, 748, 831, 540, 947, 82, 236, 242, 625, 553, 748, 365, 915, 291, 161, 162, 882, 68, 564, 450, 15, 773, 550, 299, 201]",1
91,"[83, 204, 891, 818, 592, 410, 58, 477, 735, 748, 512, 631, 837, 975, 42, 606, 592, 234, 419, 862, 122, 904, 107, 514, 167, 683, 852, 660, 50, 748, 347, 732, 337, 304, 550, 188, 344, 263, 860, 686, 678, 544, 450, 804, 852, 408, 344, 550, 923, 934, 178, 592, 232, 741, 823, 325, 365, 747, 84, 587, 544, 712, 493, 950, 477, 445, 424, 170, 718, 748, 101, 188, 550, 307, 210, 110, 146, 63, 273, 208, 404, 797, 118, 748, 618, 416, 632, 975, 158]",0
92,"[368, 821, 459, 497, 468, 50, 19, 700, 994, 883, 592, 121, 368, 821, 592, 208, 387, 133, 857, 158, 903, 458, 972, 697, 730, 935, 369, 314, 354, 375, 103, 409, 19, 46, 685, 756, 582, 527, 721, 904, 654, 697, 274, 818, 213, 564, 721, 585, 19, 335, 385, 478, 264, 612, 131, 381, 425, 770, 246, 781, 526, 314, 988, 165, 575, 767, 721, 375, 933, 386, 608, 715, 798, 654, 699, 935, 356, 322, 268, 876, 458, 994, 152, 609, 608, 715, 158, 347, 748, 592, 592, 23, 163, 643, 216, 635, 43, 458, 158, 314, 375, 46, 685, 247, 852, 502, 49, 45, 46, 821, 533, 402, 72, 859, 502, 961, 268, 526, 337, 445, 302, 333, 532, 439, 439, 261, 526, 881, 344, 961, 206, 592, 100, 44, 279, 622, 748, 232, 747, 974, 592, 477, 654, 756, 972, 697, 715, 356, 931, 477, 610, 618, 314, 165, 760, 46, 994, 721, 486, 816, 196, 594, 981, 356, 122, 181, 595, 159, 685, 502, 214, 181, 122, 332, 748, 883, 934, 821, 134, 133, 165, 573, 981, 550, 857, 158, 368, 585, 578, 351, 594, 243, 337, 592, 301, 46, 154, 486, 748, 487, 45, 171, 399, 134, 576, 368]",1
93,"[696, 50, 232, 947, 550, 347, 656, 553, 45, 178, 837, 942, 323, 71, 800, 731, 377, 698, 588, 719, 633, 592, 477, 270, 540, 632, 442, 939, 455, 803, 775, 8, 974, 656, 232, 312, 458, 625, 301, 232, 735, 201, 122, 285, 838, 621, 463, 444, 845, 657, 395, 507, 134, 703, 737, 777, 553, 513, 899, 387, 966, 179, 258, 383, 547, 664, 890, 822, 635, 722, 877, 879, 407, 862, 50, 678, 713, 918, 583, 267, 592, 715, 781, 942, 918, 681, 941, 889, 732, 610, 550, 675, 45, 866, 951, 509, 85, 374, 931, 41]",1
94,"[493, 37, 419, 477, 450, 23, 44, 389, 53, 883, 546, 605, 605, 51, 731, 626, 56, 74, 118, 815, 45, 661, 936, 416, 45, 830, 335, 934, 41, 516, 678, 146, 637, 866, 67, 948, 550, 48, 403, 727, 146, 323, 632, 166, 724, 613, 949, 200, 46, 752, 43, 450, 977, 40, 772, 55, 42, 550, 248, 484, 318, 839, 335, 715, 493, 228, 389, 281, 282, 526, 409, 333, 625]",0
95,"[546, 753, 142, 547, 42, 72, 158, 117, 435, 371, 876, 388, 801, 776, 654, 98, 558, 637, 334, 731, 191, 635, 868, 625, 522, 801, 332, 986, 806, 134, 738, 827, 125, 379, 922, 776, 899, 338, 22, 898, 608, 832, 451, 354, 45, 633, 416, 658, 710, 397, 600, 501, 748, 134, 738, 104, 852, 45, 188, 45, 773, 66, 134, 738, 475, 4, 700, 356, 806, 356, 91, 748, 550, 123, 290, 465, 410, 347, 464, 936, 61, 299, 919, 667, 323, 757, 122, 608, 343, 760, 242, 718, 748, 153, 146, 146, 259, 134, 896, 407, 735, 100, 806, 328, 546, 753, 112, 939, 780, 923, 308, 583, 418, 606, 324, 42, 349, 635, 758, 618, 758, 542, 761, 474, 80, 950, 625, 307, 758, 610, 784, 38, 886, 862, 921, 316, 414, 748, 989, 245, 785, 353]",1
96,"[189, 445, 184, 48, 492, 351, 583, 235, 492, 504, 405, 15, 232, 7, 270, 170, 376, 758, 354, 304, 651, 24, 304, 919, 510, 45, 979, 550, 512, 228, 399, 369, 368, 856, 930, 625, 140, 748, 405, 715, 947, 643, 585, 269, 526, 852, 550, 410, 214, 906, 855, 767, 906, 649, 117, 550, 91, 850, 564, 767, 660, 582, 374, 706, 855, 660, 710, 550, 387, 410, 65, 477, 535, 179, 904, 829, 202, 895, 227, 932, 214, 847, 600, 16, 237, 748, 132, 343, 395, 45, 232, 410, 146, 272, 232, 19, 274, 644, 988, 387, 123, 393]",0
97,"[704, 347, 307, 132, 893, 36, 149, 20, 410, 477, 162, 634, 178, 769, 874, 852, 550, 131, 119, 550, 446, 558, 502, 744, 65, 338, 545, 380, 477, 347, 538, 661, 550, 149, 560, 25, 750, 682, 25, 337, 410, 340, 7, 893, 550, 393, 600, 947, 337, 132, 550, 978, 179, 939, 939, 179, 285, 337, 307, 340, 560, 201, 592, 469, 138, 550, 234, 818, 818, 80, 138, 550, 710, 618]",0
98,"[138, 550, 234, 818, 704, 138, 594, 234, 477, 477, 719, 499, 58, 660, 972, 564, 748, 232, 132, 550, 20, 715, 307, 715, 169, 947, 831, 284, 132, 132, 132, 132, 762, 748, 550, 960, 984, 459, 806, 690, 690, 690, 690, 690, 690, 690, 690, 800, 738, 978, 758, 492, 984, 459, 835, 67, 479, 223, 354, 488, 634, 109, 149, 393, 592, 445, 797, 963, 991, 632, 480, 564, 592, 936, 586, 748, 691, 144, 268, 45, 715, 307, 138, 550, 625, 594, 479, 223, 656, 445, 947, 260, 769, 300]",0
99,"[315, 301, 638, 453, 774, 677, 794, 435, 315, 28, 884, 621, 448, 871, 567, 677, 533, 800, 731, 435, 315, 704, 684, 768, 145, 315, 428, 526, 698, 621, 315, 585, 783, 674, 225, 259, 315, 948, 334, 380, 409, 633, 273, 384, 748, 409, 130, 526, 347, 315, 621, 315, 851, 383, 721, 606, 156, 999, 653, 254, 548, 361, 928, 606, 653, 315, 214, 180, 644, 180, 544, 39, 653, 17, 180, 464, 721, 606, 159, 653, 576, 995, 653, 734, 576, 315, 319, 125, 77, 172, 315, 875, 169, 133, 63, 402, 771, 871, 704, 922, 290, 576, 47, 315, 36, 567, 704, 387, 36, 777, 685, 63, 797, 797, 566, 315, 180, 771, 144, 576, 47, 836, 133, 531, 579, 843, 315, 264, 704, 214, 391, 606, 235, 930, 605, 748, 816, 667, 621, 693, 576, 47, 704, 704, 187, 535, 172, 315, 881, 956, 834, 680, 448, 133, 934, 836, 133, 315, 567, 625, 237, 816, 931, 172, 393, 533, 39, 172, 290, 58, 134, 567, 172, 719, 605, 315, 215, 609, 974, 621, 410, 99, 347, 234, 585, 440, 656, 567, 832, 816, 621, 491, 60, 315, 391, 527, 656, 750, 426, 621, 704, 246, 448, 133, 387, 368, 60, 950, 804, 533, 289, 133, 222, 117, 95, 215, 494, 255, 609, 494, 911, 765, 486, 299, 621, 486, 450, 594, 820, 477, 486, 852, 89, 748, 273, 636, 48, 318, 816, 633, 67, 656, 387, 409, 247, 973, 138, 583, 121, 4, 583, 621, 685, 567, 26, 863, 436, 4, 585, 273, 957, 412, 827, 621, 69, 487, 503, 97, 621, 708, 896, 992, 748, 366]",1
